{"cameraMode":{"drawMode":0,"name":"Shaded","section":"Shading Mode"},"sceneLighting":false,"audioPlay":false,"sceneViewState":{"showFog":false,"showMaterialUpdate":false,"showSkybox":false,"showFlares":false,"showImageEffects":false,"showParticleSystems":false},"in2DMode":false,"pivot":{"x":4.399999618530273,"y":6.899999618530273,"z":2161.0},"rotation":{"x":0.3005967140197754,"y":0.021457070484757425,"z":-0.006764621008187532,"w":0.9534876942634583},"size":15.420768737792969,"orthographic":false}